佐藤,1894000
鈴木,1809000
高橋,1425000
田中,1346000
伊藤,1084000
渡辺,1073000
山本,1060000
中村,1053000
小林,1036000
加藤,893000
吉田,837000
山田,820000
佐々木,682000
山口,649000
松本,633000
井上,619000
木村,581000
林,550000
斎藤,548000
清水,536000
山崎,486000
森,469000
池田,454000
橋本,451000
阿部,448000
石川,430000
山下,423000
中島,404000
小川,398000
石井,398000
前田,385000
岡田,382000
長谷川,380000
藤田,378000
後藤,375000
近藤,372000
村上,358000
遠藤,336000
青木,331000
坂本,329000
斉藤,326000
福田,315000
太田,312000
西村,311000
藤井,311000
藤原,299000
岡本,299000
三浦,298000
金子,297000
中野,296000
中川,293000
原田,293000
松田,291000
竹内,288000
小野,283000
田村,282000
中山,271000
和田,269000
石田,268000
森田,262000
上田,250000
原,247000
内田,245000
柴田,244000
酒井,242000
宮崎,239000
横山,238000
高木,235000
安藤,232000
宮本,230000
大野,222000
小島,217000
工藤,217000
谷口,217000
今井,214000
高田,211000
丸山,210000
増田,210000
杉山,208000
村田,207000
大塚,206000
小山,205000
藤本,205000
平野,204000
新井,204000
河野,202000
上野,202000
武田,201000
野口,200000
松井,195000
千葉,195000
菅原,194000
岩崎,193000
久保,189000
木下,189000
佐野,187000
野村,186000
松尾,185000
菊地,184000
杉本,183000
市川,182000
古川,178000
大西,178000
島田,176000
水野,175000
桜井,174000
渡部,173000
高野,173000
吉川,171000
山内,165000
西田,164000
菊池,163000
飯田,162000
西川,162000
小松,161000
北村,159000
安田,158000
五十嵐,158000
川口,156000
平田,155000
関,154000
中田,154000
久保田,153000
東,152000
服部,151000
川崎,151000
岩田,150000
土屋,150000
福島,150000
本田,149000
辻,149000
樋口,148000
田口,147000
永井,147000
秋山,147000
山中,147000
中西,146000
吉村,146000
川上,145000
大橋,142000
石原,142000
松岡,142000
浜田,142000
馬場,142000
森本,140000
矢野,139000
浅野,138000
松下,138000
星野,138000
大久保,138000
吉岡,137000
小池,137000
野田,135000
荒木,133000
熊谷,132000
松浦,132000
大谷,132000
内藤,131000
黒田,129000
尾崎,128000
川村,127000
永田,126000
望月,126000
堀,125000
松村,125000
田辺,125000
菅野,125000
荒井,124000
平井,124000
大島,124000
西山,124000
早川,124000
栗原,123000
広瀬,123000
横田,119000
石橋,118000
岩本,118000
片山,118000
萩原,117000
関口,115000
宮田,115000
大石,114000
本間,114000
須藤,113000
高山,113000
岡崎,112000
小田,112000
吉野,112000
鎌田,111000
伊東,111000
篠原,110000
上原,109000
小西,109000
松原,108000
福井,108000
成田,108000
古賀,107000
大森,107000
南,107000
小泉,106000
奥村,106000
内山,106000
沢田,105000
桑原,105000
三宅,105000
片岡,105000
川島,104000
岡,104000
富田,104000
奥田,103000
八木,103000
杉浦,103000
松永,103000
小沢,102000
北川,102000
平山,101000
河合,101000
牧野,101000
関根,101000
白石,100000
今村,99000
寺田,98700
青山,98300
中尾,97400
小倉,96700
上村,96500
小野寺,96500
渋谷,96500
大山,95700
岡村,95300
坂口,95300
足立,95200
多田,94300
天野,94300
根本,93100
佐久間,92900
豊田,92300
村山,92000
角田,91800
飯塚,91700
田島,91600
西,91500
武藤,91100
竹田,91000
宮下,90700
白井,90500
児玉,90100
塚本,90000
坂田,89800
坂井,89500
水谷,89400
榎本,89200
神谷,88900
小原,87400
齋藤,87200
小笠原,87200
森下,86700
浅井,86500
岡部,86500
中井,86300
植田,86300
神田,86300
河村,85400
前川,84800
宮川,84800
稲垣,84400
大川,84100
長田,82600
松崎,82600
若林,82300
飯島,81700
谷,81500
安部,80900
大沢,80700
石塚,80600
及川,80100
堀内,80000
田代,79100
中嶋,78900
山根,78900
江口,78700
中谷,78500
岸本,77700
荒川,77400
西尾,77300
本多,77300
森山,77000
今野,76700
細川,76600
岡野,76200
金井,76000
安達,75600
戸田,75600
稲葉,75400
津田,75300
森川,75100
土井,75000
星,74900
村松,74700
落合,74600
畠山,74500
三上,74200
町田,73600
長尾,72900
岩井,72700
中原,72600
堤,72300
野崎,70900
中沢,70400
米田,70300
金田,70300
松山,70000
堀田,69500
三好,69400
杉田,69100
西野,69000
佐伯,68800
山岸,68600
西岡,67800
黒川,67300
泉,66900
甲斐,66900
大竹,66500
黒木,65700
笠原,65700
徳永,65400
堀江,65300
川田,65200
大木,65100
須田,65100
岸,65000
山川,64900
古田,64700
新田,64500
梅田,64300
三木,64200
野中,64000
榊原,63700
村井,63000
奥山,62900
土田,62700
滝沢,62000
大村,61800
大城,61700
川端,61300
金城,61100
井口,60500
梶原,60400
大場,59900
吉原,58400
金沢,58400
宮城,58200
宮内,58000
長島,58000
安井,57800
庄司,57500
大内,57400
比嘉,57000
日高,57000
茂木,56800
向井,56800
松島,56600
西本,56500
下田,56400
荻野,56400
塚田,56200
竹中,56200
奥野,56100
石黒,56100
広田,55900
藤川,55800
福本,55700
嶋田,55600
栗田,55600
北野,55300
川原,55300
宇野,55100
谷川,55000
小谷,54900
藤野,54800
吉本,54700
丹羽,54600
藤岡,54500
竹本,54400
竹下,54400
緒方,54100
青柳,54100
藤村,53900
古谷,53900
平川,53600
亀井,53600
高島,53500
三輪,53300
藤沢,53100
窪田,52600
篠崎,52300
宮原,52300
高井,52000
下村,51800
高瀬,51500
山村,51400
川本,51300
根岸,51300
柳沢,51100
出口,51000
横井,50700
小森,50600
吉沢,50500
小澤,50400
武井,50300
長野,50300
竹村,50200
宮沢,49500
平松,49200
福岡,49100
黒沢,48900
溝口,48800
臼井,48800
田原,48700
志村,48700
稲田,48600
浅田,48000
筒井,48000
柳田,47800
大原,47700
林田,47700
大平,47700
永野,47600
冨田,47400
福永,47200
瀬戸,47200
手塚,47100
入江,47100
北原,47000
富永,46900
篠田,46900
鶴田,46600
湯浅,46600
小出,46400
長岡,46400
沼田,46300
高松,46300
矢島,46100
山岡,46100
堀口,45900
大田,45900
岩瀬,45500
石崎,45400
大槻,45400
石山,45300
澤田,45100
相馬,44800
堀川,44800
池上,44700
二宮,44700
園田,44500
平岡,44300
柏木,44200
花田,44100
島崎,43900
杉原,43800
川野,43700
加納,43600
村瀬,43400
片桐,43400
長沢,43300
越智,43300
倉田,43100
内海,43100
野沢,43000
福原,42900
河原,42900
西原,42800
松野,42800
笠井,42700
秋元,42600
小坂,42200
田畑,42100
谷本,41900
日野,41900
千田,41800
渡邊,41600
北島,41500
吉井,41500
深沢,41400
西沢,41200
徳田,41100
相沢,41100
新谷,40700
原口,40700
田上,40700
小柳,40600
菅,40600
米山,40400
細谷,40300
森岡,40200
今泉,40200
畑中,40100
浜野,40000
芳賀,39700
小嶋,39600
大井,39500
秋田,39500
磯部,39400
大崎,39100
白川,39100
植木,39000
坪井,38900
中本,38900
三谷,38800
相原,38800
細田,38800
皆川,38700
荻原,38700
浅見,38700
浜口,38600
福山,38600
岸田,38600
辻本,38400
川瀬,38200
木原,38200
大友,38200
畑,38200
平林,38000
河内,37900
塩田,37900
遠山,37800
島村,37700
古屋,37700
大坪,37600
三井,37500
植村,37500
難波,37500
神山,37400
中里,37400
齊藤,37300
三村,37200
三橋,37100
岩下,37100
大澤,37100
栗山,37000
渡邉,37000
井手,36900
松川,36900
吉永,36800
早坂,36700
川畑,36600
長井,36600
佐竹,36600
井出,36400
河田,36200
亀山,36100
浜崎,36100
橘,36000
川合,36000
朝倉,36000
柳,36000
草野,35900
堀井,35500
保坂,35300
志賀,35200
村岡,35200
尾形,35200
高村,35100
半田,35000
狩野,35000
若松,35000
水上,35000
小宮,34900
大津,34800
高岡,34800
中根,34700
亀田,34700
高柳,34700
立石,34700
柴崎,34500
市村,34400
三島,34400
瀬川,34400
寺島,34300
奈良,34300
清野,34200
真鍋,34100
武内,34100
平,34000
玉井,34000
水口,33900
新垣,33900
内野,33900
藤崎,33800
植松,33800
木内,33800
大沼,33700
江藤,33700
進藤,33700
久野,33700
橋口,33700
高見,33600
深谷,33600
寺本,33500
玉城,33400
宮地,33300
織田,33300
守屋,33200
河本,33100
藤森,33100
菅谷,33000
毛利,33000
大江,32800
宮島,32800
並木,32800
有馬,32800
那須,32700
下山,32700
有田,32700
高原,32600
市原,32500
矢部,32400
飯野,32100
鳥居,32100
北山,32100
坂下,32000
石渡,32000
関谷,32000
松沢,32000
板垣,32000
野上,31800
前原,31600
三原,31600
牧,31600
坂上,31500
川井,31300
立花,31300
田崎,31200
葛西,31200
平尾,31100
松木,31100
岩佐,31100
外山,31000
高尾,30800
成瀬,30700
長谷,30700
小室,30700
三田,30600
染谷,30600
阪本,30600
滝本,30600
長瀬,30500
宇佐美,30400
野本,30300
小寺,30200
塚原,30200
板倉,30200
高崎,30200
秋葉,30200
山城,30100
門脇,30100
滝口,30000
石垣,30000
山野,29900
長谷部,29900
海野,29900
井田,29800
土居,29800
大倉,29800
秦,29800
和泉,29700
江崎,29700
正木,29600
仲村,29500
今田,29500
高梨,29500
中澤,29300
椎名,29300
相川,29300
奥,29100
平塚,29100
小関,29100
島,29000
宍戸,29000
岩永,28900
藤木,28900
都築,28900
西谷,28800
木田,28800
細井,28700
江川,28700
金谷,28700
金山,28600
堀越,28600
小杉,28600
石丸,28600
乾,28500
田川,28500
永山,28500
諏訪,28500
金森,28400
森谷,28400
黒岩,28300
下川,28200
富樫,28200
小畑,28100
細野,28100
杉村,28000
布施,27900
梅原,27900
野原,27900
上山,27900
山上,27800
大貫,27800
北田,27800
石本,27800
米沢,27800
大熊,27800
豊島,27800
小野田,27800
宮脇,27700
赤松,27700
末永,27700
阿久津,27600
大矢,27500
古沢,27400
宮野,27400
塩谷,27200
今西,27200
倉持,27200
水田,27100
島袋,27000
風間,27000
麻生,26900
本橋,26900
香川,26900
仲田,26900
菅沼,26800
坂元,26800
生田,26800
門田,26800
小幡,26700
喜多,26700
井川,26600
西口,26500
大庭,26500
大和田,26400
中林,26300
小久保,26200
梅本,26200
平良,26100
岩渕,26100
須賀,26100
浦田,26100
富岡,26100
佐川,26100
浜本,26000
岩間,26000
杉野,25900
大滝,25900
矢口,25900
土橋,25900
日下,25800
木本,25800
川辺,25800
木戸,25800
海老原,25800
永島,25700
波多野,25700
金丸,25500
長崎,25500
羽田,25400
砂川,25400
小椋,25300
目黒,25200
平沢,25200
森脇,25200
立川,25200
小沼,25200
雨宮,25200
真田,25100
浅川,25100
白鳥,25100
依田,25100
山形,25100
深田,25000
板橋,25000
神崎,25000
濱田,25000
石坂,25000
影山,25000
大畑,24900
曽根,24900
寺尾,24900
矢田,24800
松元,24700
山元,24600
北沢,24500
高倉,24400
三枝,24400
勝又,24400
赤木,24300
橋爪,24300
梅津,24200
清田,24200
宇田川,24200
丹野,24100
宇都宮,24100
柳川,24000
芦田,24000
尾上,24000
瀬尾,23900
岩城,23900
櫻井,23800
神野,23800
横尾,23700
柳原,23600
池内,23600
鶴岡,23600
江原,23600
坂野,23500
栗林,23500
西脇,23500
桑田,23500
久米,23400
角,23400
結城,23400
吉澤,23400
川西,23300
日比野,23300
森口,23300
西島,23300
大嶋,23200
梅村,23200
小堀,23200
上杉,23200
手島,23100
飛田,23100
井原,23100
浦野,23100
小菅,23100
首藤,23000
赤坂,23000
玉置,23000
田端,22900
青野,22900
北,22800
柏原,22800
横川,22700
小玉,22600
大林,22600
小高,22500
合田,22500
浅沼,22500
水島,22400
梅沢,22300
竹原,22300
角谷,22200
宮坂,22200
脇田,22100
有賀,22100
志田,22100
池本,22100
三沢,22000
本村,22000
柴山,22000
島津,22000
明石,21900
妹尾,21800
池谷,21700
春日,21700
大下,21700
勝田,21600
滝川,21600
大和,21600
宮里,21500
富山,21500
楠,21500
加瀬,21500
中塚,21400
前島,21400
会田,21300
阪口,21200
曽我,21200
戸塚,21200
恩田,21100
柿沼,21100
笹川,21000
川越,21000
前野,21000
谷村,21000
益田,21000
小栗,21000
楠本,21000
石野,21000
国分,21000
白木,20900
吉崎,20900
坂東,20900
古山,20900
磯野,20900
菅井,20900
夏目,20800
野島,20800
岡山,20700
日下部,20700
井本,20700
内村,20700
花岡,20600
高畑,20600
熊田,20500
石倉,20500
田渕,20500
中,20500
沖,20500
玉木,20400
東海林,20400
浜,20400
神戸,20300
金澤,20300
城戸,20300
福地,20300
滝,20300
倉本,20300
持田,20300
末吉,20300
田所,20200
若山,20200
塩見,20200
沖田,20200
鬼頭,20200
児島,20100
寺沢,20100
黒崎,20100
八田,20000
森井,20000
沢井,20000
森永,20000
高嶋,20000
重松,20000
大浦,19900
高谷,19900
本山,19900
寺西,19900
廣瀬,19900
村木,19900
大高,19900
今,19800
井村,19800
田尻,19800
重田,19800
粕谷,19700
長坂,19700
深井,19700
南部,19600
平賀,19500
玉田,19500
菊田,19500
鵜飼,19400
米倉,19400
川嶋,19400
磯崎,19300
寺岡,19200
岩谷,19200
秋本,19200
岡島,19200
猪股,19200
笹原,19200
熊倉,19200
畠中,19100
桜田,19100
野呂,19000
増井,19000
冨永,19000
氏家,19000
知念,18900
古橋,18900
小口,18800
富沢,18800
紺野,18800
五味,18800
小平,18800
小俣,18700
長浜,18700
川添,18700
大関,18700
土谷,18600
小暮,18600
西井,18600
牧田,18500
西浦,18500
新村,18500
梶田,18500
安永,18500
岩村,18400
柳瀬,18400
下地,18400
境,18400
丸田,18400
平本,18400
倉橋,18300
河西,18300
鹿野,18300
花井,18300
相田,18300
大越,18300
今川,18300
辻村,18300
鹿島,18300
長沼,18200
杉崎,18200
藤島,18100
宮澤,18100
松谷,18100
百瀬,18000
寺崎,18000
二瓶,18000
神原,18000
塚越,18000
小峰,18000
寺井,18000
伴,18000
湊,18000
寺内,18000
我妻,18000
安川,17900
新保,17900
黒澤,17900
赤羽,17900
古市,17800
川名,17800
伊達,17800
益子,17700
本郷,17600
浦,17600
品川,17600
東野,17500
滝田,17500
篠塚,17500
仲野,17500
大前,17500
室井,17500
野間,17500
真野,17400
石沢,17400
土肥,17400
熊沢,17400
的場,17400
郡司,17300
中岡,17300
平原,17300
金,17300
江田,17300
片野,17300
須永,17300
村越,17200
村中,17200
河上,17200
新川,17200
神保,17200
江頭,17200
大宮,17100
照井,17100
藤山,17100
南雲,17000
長友,17000
渥美,17000
金原,17000
安西,17000
坂,16900
野尻,16900
保田,16900
大岩,16900
湯川,16900
住田,16800
久田,16800
長澤,16800
赤井,16800
安原,16800
森島,16800
栗本,16800
広川,16700
高須,16700
河口,16700
松橋,16600
大河原,16600
河崎,16600
矢吹,16600
増山,16600
北岡,16600
石岡,16600
津村,16600
小山田,16600
塩崎,16600
梶,16600
伏見,16600
船越,16500
有村,16500
坪田,16500
上岡,16500
相良,16500
吉見,16500
高津,16500
金野,16400
増子,16400
長嶋,16400
石村,16400
薄井,16400
藤谷,16400
矢崎,16300
中森,16300
西森,16300
関本,16300
磯貝,16300
福士,16300
八巻,16200
谷田,16200
安東,16200
桑野,16200
緑川,16200
藤巻,16200
高坂,16200
河井,16200
垣内,16100
山脇,16100
梶山,16100
稲村,16100
高沢,16100
関野,16000
尾関,16000
森崎,16000
浜中,16000
水本,16000
小村,16000
中道,16000
仲宗根,16000
長山,15900
棚橋,15900
堺,15900
谷内,15900
湯本,15900
松林,15800
二村,15800
住吉,15800
牛島,15800
迫田,15800
榊,15700
小宮山,15600
小竹,15600
照屋,15600
船木,15600
加賀,15600
玉川,15600
人見,15500
柿崎,15500
東山,15500
田嶋,15500
相澤,15500
飯村,15500
柿本,15400
椿,15400
塩沢,15400
塩野,15400
大坂,15400
赤塚,15400
新美,15400
芝田,15400
鶴見,15400
梅木,15300
丸岡,15300
永瀬,15200
深澤,15200
吉武,15200
越川,15200
田沢,15200
高森,15100
矢沢,15100
下野,15100
仲,15100
清原,15000
唐沢,15000
向山,15000
小橋,15000
駒井,15000
沢,14900
井沢,14900
高杉,14900
宇田,14900
鮫島,14800
辻井,14800
三瓶,14800
西澤,14800
竹林,14800
平間,14800
畑山,14800
高林,14800
川内,14800
木島,14800
藤澤,14800
名倉,14700
西崎,14700
植野,14700
福元,14700
疋田,14700
八幡,14700
塙,14700
原島,14600
福沢,14600
磯田,14600
犬飼,14600
袴田,14600
平石,14600
岩沢,14600
笹本,14600
鳴海,14600
加茂,14500
米谷,14500
勝山,14500
西垣,14500
対馬,14500
羽鳥,14500
長屋,14500
金本,14400
森野,14400
島本,14400
村尾,14300
船橋,14300
志水,14300
安斎,14300
廣田,14300
上地,14300
沢村,14300
浦川,14300
城,14300
木谷,14200
村本,14200
山浦,14200
柳澤,14200
大屋,14200
岩橋,14200
伊沢,14200
小崎,14200
長,14200
大杉,14100
神,14100
赤堀,14100
衛藤,14100
小田島,14100
小熊,14100
桂,14100
小山内,14100
若杉,14100
芝,14100
早瀬,14100
川又,14100
新里,14000
庄子,14000
伊勢,14000
石毛,14000
添田,14000
横溝,14000
時田,14000
高塚,14000
高久,14000
板谷,14000
芹沢,14000
高本,14000
宮村,14000
城間,13900
深川,13900
長嶺,13900
竹山,13900
保科,13900
柳井,13800
柴,13800
松葉,13800
飯沼,13700
新藤,13700
丸尾,13700
大迫,13700
直井,13700
鳥海,13700
平岩,13700
米村,13600
谷山,13600
徳山,13600
山谷,13600
永松,13600
井戸,13600
安岡,13600
桐山,13600
猪俣,13600
竹島,13600
国井,13500
塩川,13500
大上,13500
水越,13500
大須賀,13400
佃,13400
上林,13400
山路,13400
別府,13400
柘植,13400
黒瀬,13400
小浜,13400
赤間,13400
安江,13400
日向,13400
新城,13400
猪狩,13300
幸田,13300
野澤,13300
岩野,13300
生駒,13300
熊野,13300
竹之内,13300
柳沼,13300
福留,13300
福嶋,13200
大泉,13200
大河内,13200
橋詰,13200
岩見,13200
脇,13200
青島,13100
須貝,13100
竹井,13100
須崎,13100
平島,13100
岩元,13100
村川,13100
新山,13000
藤江,13000
藤,13000
中平,13000
早田,13000
鳥越,13000
深見,12900
上西,12900
石上,12900
名取,12900
山西,12900
熊本,12900
神尾,12900
猿渡,12900
五島,12900
上島,12800
兵頭,12800
赤嶺,12800
鎌倉,12800
崎山,12800
小塚,12800
小松崎,12700
綿貫,12700
宗像,12700
矢作,12600
砂田,12600
春田,12600
鷲見,12600
岩切,12600
長江,12600
松澤,12600
秋吉,12600
松坂,12500
竹谷,12500
塩原,12500
萩野,12500
安本,12500
石津,12500
桜庭,12500
市橋,12500
古澤,12400
鬼塚,12400
梶谷,12400
新倉,12400
園部,12400
関川,12400
荒谷,12400
平木,12400
舟橋,12400
真下,12400
蛭田,12400
竹川,12300
岡林,12300
広岡,12300
藤枝,12300
池野,12300
間瀬,12300
二階堂,12300
土岐,12200
大岡,12200
加賀谷,12200
佐原,12200
竹沢,12200
磯,12100
安倍,12100
磯村,12100
東田,12100
辰巳,12100
川尻,12100
黒須,12000
清家,12000
鳥羽,12000
一ノ瀬,12000
岸野,12000
友田,12000
馬渕,12000
副島,11900
高石,11900
脇坂,11900
大堀,11900
犬塚,11900
守田,11900
大賀,11900
近江,11900
元木,11900
村野,11900
武山,11900
堀尾,11900
井坂,11800
船津,11800
菊川,11800
米川,11800
星川,11800
嶋崎,11800
戸村,11800
中園,11800
奥谷,11800
佐山,11800
吉松,11700
宮嶋,11700
須山,11700
谷岡,11700
田丸,11700
若月,11700
大里,11600
日置,11600
吉成,11600
多賀,11600
片倉,11600
坪内,11600
北口,11600
北条,11600
高城,11600
亀谷,11600
有吉,11600
山地,11600
梶川,11600
長内,11600
小田切,11600
杉谷,11600
辻野,11600
江本,11500
大本,11500
川北,11500
宮武,11500
新,11500
土方,11500
赤沢,11500
海老沢,11500
大門,11500
兼子,11500
広沢,11500
柴原,11400
巽,11400
堀部,11400
春山,11400
大脇,11400
伊波,11400
有本,11300
武石,11300
箕輪,11300
佐田,11300
藤倉,11300
河辺,11300
戸谷,11300
小木曽,11300
設楽,11300
田山,11300
細見,11300
岡安,11300
片平,11200
曽我部,11200
姫野,11200
田坂,11200
宮尾,11200
八島,11200
末広,11200
赤石,11200
赤尾,11200
安里,11200
寺山,11200
伊原,11100
深津,11100
辻田,11100
中込,11100
間宮,11100
北浦,11100
中江,11100
糸井,11100
瀬戸口,11100
田淵,11100
井関,11100
横内,11000
杉江,11000
江上,11000
牟田,11000
高垣,11000
真壁,11000
作田,11000
若井,11000
鳥山,11000
小松原,11000
高宮,11000
半沢,11000
露木,10900
金川,10900
藤間,10900
吉良,10900
末松,10900
末次,10900
河津,10900
古野,10900
国吉,10900
新居,10800
草間,10800
日比,10800
永尾,10800
奥原,10700
峯,10700
角野,10700
上条,10700
朝日,10700
二見,10700
橋田,10700
梅野,10600
有川,10600
白田,10600
深山,10600
高良,10600
岩上,10600
高畠,10600
下平,10600
石神,10600
江尻,10600
鷲尾,10600
藤平,10600
坂根,10600
野坂,10600
速水,10500
早野,10500
永吉,10500
田井,10500
稲川,10500
山室,10500
久松,10500
古家,10500
香取,10500
前山,10400
折原,10400
西出,10400
里見,10400
佐瀬,10400
沖野,10400
小田原,10400
白土,10400
八重樫,10400
上坂,10400
池永,10400
錦織,10400
沢口,10400
品田,10400
桐生,10400
永岡,10400
中崎,10400
鍋島,10300
正田,10300
岩倉,10300
石森,10300
井野,10300
猪野,10300
菱沼,10300
熊崎,10300
今岡,10300
笹田,10300
池原,10300
湯田,10200
宮部,10200
香月,10200
宮前,10200
嶋,10200
泉谷,10200
矢内,10200
逸見,10200
白岩,10200
湯沢,10200
江島,10100
坂巻,10100
君島,10100
小柴,10100
渕上,10100
藤代,10100
仁科,10100
大道,10100
立野,10100
宮永,10100
島野,10100
本庄,10100
飯尾,10100
小野塚,10000
山際,10000
中瀬,10000
笹岡,10000
高桑,10000
木山,10000
門馬,10000
成沢,10000
尾田,10000
田野,10000
寺嶋,10000
野々村,9900
宮岡,9900
木崎,9900
川久保,9900
野瀬,9900
景山,9900
中垣,9900
柳本,9900
松藤,9900
北林,9900
石島,9900
三角,9900
隅田,9900
小黒,9900
大月,9900
木暮,9800
梅崎,9800
浅岡,9800
福村,9800
赤池,9800
手嶋,9800
菅田,9800
一瀬,9800
嶋村,9800
羽賀,9800
青田,9800
浅利,9800
木元,9800
羽生,9800
関戸,9800
又吉,9700
諸岡,9700
柏崎,9700
仙波,9700
船山,9700
米澤,9700
一戸,9700
碓井,9700
古瀬,9700
兵藤,9700
津久井,9700
笹井,9700
北尾,9700
伊丹,9600
河島,9600
松丸,9600
四方,9600
広野,9600
浦上,9600
伊佐,9600
八代,9600
桝田,9600
鳥井,9600
阪田,9600
溝上,9600
小河,9600
楠田,9600
丹治,9600
永谷,9600
遊佐,9600
山木,9600
猪瀬,9600
若狭,9600
中元,9600
中橋,9500
新妻,9500
浜島,9500
梅澤,9500
水戸,9500
戸川,9500
松倉,9500
所,9500
大浜,9500
山添,9500
大垣,9500
桑山,9500
深瀬,9500
具志堅,9500
一色,9400
勝野,9400
別所,9400
杉岡,9400
常盤,9400
春名,9400
伊賀,9400
檜山,9400
綾部,9400
大串,9400
内川,9400
能登,9400
立山,9400
阿南,9300
奥井,9300
竹野,9300
笹木,9300
岸川,9300
根津,9300
能勢,9300
穂積,9300
彦坂,9300
笠松,9300
引地,9300
久我,9300
岩淵,9300
小牧,9200
室田,9200
曾根,9200
奥平,9200
北條,9200
向後,9200
上川,9200
北本,9200
田沼,9200
田部,9200
西嶋,9200
峯岸,9200
田仲,9200
杉森,9200
朝比奈,9200
神林,9200
平澤,9100
榎,9100
小早川,9100
柚木,9100
津島,9100
赤川,9100
荒巻,9100
押田,9100
瓜生,9100
椎葉,9100
芦沢,9000
山名,9000
迫,9000
諸橋,9000
安保,9000
岩尾,9000
石谷,9000
浦山,9000
駒田,9000
国本,9000
吉住,9000
牛田,9000
金光,9000
栗栖,8900
宇井,8900
信田,8900
飯山,8900
三澤,8900
宮井,8900
柏,8900
谷中,8900
日吉,8900
桜木,8900
新野,8900
柳谷,8900
寺門,8900
櫛田,8900
守谷,8900
北井,8900
助川,8900
前沢,8900
中条,8900
木場,8900
漆原,8800
田部井,8800
桑名,8800
仲川,8800
李,8800
津川,8800
真島,8800
原野,8800
梶本,8800
菱田,8800
新海,8800
向,8800
樋渡,8800
城田,8800
門間,8800
杉,8800
谷崎,8800
内堀,8700
陶山,8700
清川,8700
中辻,8700
仲本,8700
谷野,8700
熊木,8700
田宮,8700
宇津木,8700
阪上,8700
冨岡,8700
宇佐見,8700
堀之内,8700
中上,8700
今津,8700
峰,8700
木野,8700
横沢,8600
坂内,8600
青井,8600
仲間,8600
亀岡,8600
安野,8600
橋場,8600
米本,8600
白浜,8600
綿引,8600
二木,8600
勝俣,8600
平出,8600
山之内,8600
藤永,8600
今枝,8600
中居,8600
布川,8600
大町,8600
高安,8600
山辺,8500
勝部,8500
荒田,8500
大隅,8500
植竹,8500
澤,8500
権田,8500
沢野,8500
粟野,8500
蓮見,8500
堀本,8500
小谷野,8500
川俣,8500
泉田,8500
中畑,8500
中津,8500
深野,8500
山越,8500
森内,8500
東谷,8500
仁平,8500
船田,8500
涌井,8500
喜田,8500
広井,8400
木幡,8400
北澤,8400
宮口,8400
東条,8400
東郷,8400
市野,8400
松平,8400
田頭,8400
鈴村,8400
千原,8400
大出,8400
奥本,8400
津野,8400
中條,8300
水落,8300
高浜,8300
柳下,8300
武本,8300
加地,8300
比留間,8300
水村,8300
坂部,8300
真木,8300
向田,8300
川岸,8300
牛山,8200
千野,8200
羽田野,8200
小貫,8200
茅野,8200
宮,8200
稲見,8200
仁木,8200
竹森,8200
澤井,8200
肥田,8200
大東,8200
肥後,8200
兼田,8200
魚住,8200
松宮,8200
古本,8200
斎木,8200
古木,8100
市田,8100
井内,8100
舘,8100
増本,8100
岡元,8100
三田村,8100
佐々,8100
道下,8100
大窪,8100
新堀,8100
蜂谷,8100
大藤,8100
笹山,8100
前,8100
南野,8100
臼田,8100
折田,8100
柳生,8100
柿原,8000
仲谷,8000
赤星,8000
白水,8000
甲田,8000
丸谷,8000
谷沢,8000
藤城,8000
荒,8000
本木,8000
大畠,8000
仲井,8000
森元,8000
峰岸,8000
永原,8000
倉島,8000
牛尾,8000
浜村,8000
三野,8000
中屋,8000
桐原,8000
野地,8000
寺村,8000
平沼,7900
花房,7900
豊岡,7900
加来,7900
深町,7900
金崎,7900
坂倉,7900
諸星,7900
鵜沢,7900
岩川,7900
木口,7900
大黒,7900
高,7900
山森,7900
井藤,7900
武村,7900
白崎,7900
丹下,7900
板東,7900
沖本,7900
藤尾,7900
大池,7900
荒牧,7900
和気,7900
新家,7900
武市,7900
小滝,7800
三森,7800
権藤,7800
今関,7800
吉富,7800
寺川,7800
水沢,7800
小野沢,7800
河端,7800
徳丸,7800
嵯峨,7800
冨山,7800
新開,7800
宮木,7800
吉元,7800
吉山,7800
佐古,7800
福崎,7800
大家,7800
清宮,7800
三嶋,7700
与那嶺,7700
茨木,7700
安武,7700
米原,7700
西内,7700
福間,7700
江村,7700
笠間,7700
仲里,7700
脇本,7700
椎野,7700
安村,7700
谷津,7700
野津,7700
春木,7700
遠田,7700
川中,7700
芝崎,7700
小岩,7600
稲本,7600
一柳,7600
関田,7600
溝渕,7600
野々山,7600
草場,7600
山県,7600
福富,7600
松嶋,7600
畑野,7600
表,7600
南川,7600
盛田,7600
小路,7600
長倉,7600
新屋,7600
西條,7600
戸沢,7500
石松,7500
白坂,7500
鶴,7500
宮腰,7500
最上,7500
上間,7500
古閑,7500
衣川,7500
中出,7500
加島,7500
芳野,7500
上條,7500
浜岡,7500
永江,7500
木藤,7500
谷田部,7500
田岡,7500
草薙,7500
柏倉,7500
宮越,7400
畑田,7400
久保木,7400
稗田,7400
生井,7400
東條,7400
弓削,7400
祖父江,7400
熊坂,7400
大口,7400
沖山,7400
酒巻,7400
永沢,7400
古井,7400
花村,7400
小野瀬,7400
梶野,7400
今中,7300
生方,7300
深尾,7300
館野,7300
樫村,7300
板井,7300
折笠,7300
田内,7300
三戸,7300
川元,7300
浅倉,7300
桑島,7300
谷藤,7300
川下,7300
寺下,7300
住谷,7300
軽部,7300
岩澤,7300
四宮,7300
長塚,7300
藤林,7300
古林,7300
越田,7300
右田,7200
小田桐,7200
小南,7200
山尾,7200
浅香,7200
豊永,7200
武部,7200
薮内,7200
瀬田,7200
熊井,7200
外川,7200
野見山,7200
各務,7200
桧垣,7200
新宅,7200
辰己,7200
豊川,7200
栄,7200
外間,7200
仲山,7200
尾島,7200
久世,7200
宇都,7200
阪井,7100
横江,7100
葉山,7100
根来,7100
中間,7100
瀬谷,7100
三品,7100
森村,7100
浦崎,7100
花木,7100
武川,7100
可児,7100
正岡,7100
上谷,7100
笹野,7100
荻田,7100
松枝,7100
五月女,7100
古畑,7100
蔭山,7100
木全,7100
君塚,7100
野元,7100
片田,7100
奥津,7000
筧,7000
岸上,7000
矢嶋,7000
成川,7000
倉林,7000
利根川,7000
辺見,7000
坂入,7000
新原,7000
住友,7000
福谷,7000
澤村,7000
熱田,7000
三国,7000
日暮,7000
武智,7000
宍倉,7000
仲西,7000
荘司,7000
早乙女,7000
小笹,7000
野川,7000
糟谷,7000
小針,7000
戸高,7000
稲岡,7000
中内,7000
兼松,6900
浜谷,6900
友利,6900
勝見,6900
恒川,6900
尾山,6900
串田,6900
両角,6900
蒔田,6900
金岡,6900
尾花,6900
種村,6900
北見,6900
池沢,6900
横手,6900
楢崎,6900
越野,6900
東川,6900
池,6900
大角,6900
磯谷,6900
衣笠,6900
藤沼,6900
箕浦,6900
大渕,6900
北出,6900
藤吉,6800
池辺,6800
光田,6800
松江,6800
小畠,6800
府川,6800
蝦名,6800
渡瀬,6800
箱崎,6800
香山,6800
曾我,6800
上松,6800
北嶋,6800
藤波,6800
堀切,6800
白沢,6800
江森,6800
増渕,6800
加古,6800
木曽,6800
清,6800
鴨志田,6800
小磯,6800
滝澤,6800
白倉,6800
浅尾,6800
相場,6800
小形,6800
秋月,6800
土本,6800
寺坂,6800
綱島,6800
久保山,6700
山家,6700
盛,6700
室谷,6700
尾藤,6700
小河原,6700
河瀬,6700
馬渡,6700
堀野,6700
北谷,6700
与那覇,6700
羽山,6700
瀬野,6700
富澤,6700
大室,6700
岩木,6700
浅原,6700
番場,6700
本城,6700
宮平,6700
宮西,6700
宇山,6700
種田,6700
南谷,6700
門倉,6700
三崎,6700
細江,6700
竹尾,6700
大北,6700
近田,6700
木津,6700
稲吉,6700
島谷,6700
飯泉,6600
森沢,6600
岡沢,6600
岩原,6600
丸井,6600
浜川,6600
尾野,6600
蛯名,6600
白戸,6600
轟,6600
石澤,6600
佐賀,6600
浮田,6600
蔵本,6600
瀬口,6600
油井,6600
中浜,6600
中丸,6600
武,6600
井澤,6600
西条,6600
戸井田,6600
増永,6500
真崎,6500
土山,6500
新名,6500
安孫子,6500
家田,6500
出井,6500
香西,6500
新宮,6500
玉村,6500
稲毛,6500
郡,6500
只野,6500
西塚,6500
宗,6500
丹,6500
掛川,6500
佐治,6500
古庄,6500
日浦,6500
川満,6400
寺澤,6400
東原,6400
成島,6400
広島,6400
樋田,6400
北崎,6400
福西,6400
岡井,6400
穴井,6400
曽田,6400
国枝,6400
島貫,6400
大戸,6400
杉沢,6400
森重,6400
矢代,6400
市岡,6400
十河,6400
原山,6400
岩松,6400
畔柳,6400
蓮沼,6400
斉木,6400
寒川,6400
福森,6300
藤堂,6300
辻川,6300
丸本,6300
西畑,6300
喜屋武,6300
岩月,6300
伊澤,6300
鴇田,6300
会沢,6300
清藤,6300
高岸,6300
熊澤,6300
平瀬,6300
淵上,6300
入沢,6300
永沼,6300
占部,6300
下里,6300
高澤,6300
濱口,6300
藤元,6300
黒柳,6300
関山,6300
猪又,6300
伴野,6300
井筒,6300
上本,6300
山北,6300
倉内,6200
外崎,6200
名和,6200
吉留,6200
西中,6200
繁田,6200
八尋,6200
奥川,6200
新島,6200
野木,6200
井元,6200
南出,6200
薬師寺,6200
水沼,6200
池端,6200
永見,6200
江沢,6200
広木,6200
嶋津,6200
笹島,6200
薮田,6200
須川,6200
斎田,6200
宇賀神,6200
渡会,6200
矢萩,6200
渡,6200
吉江,6200
畠,6200
中神,6200
室,6200
赤崎,6100
猪原,6100
豊福,6100
木川,6100
矢澤,6100
陣内,6100
赤津,6100
武居,6100
徳重,6100
鶴巻,6100
船戸,6100
豊嶋,6100
溝田,6100
深堀,6100
神村,6100
西坂,6100
朝田,6100
横地,6100
鷹野,6100
茶谷,6100
伊奈,6100
押川,6100
川勝,6100
若尾,6100
長橋,6100
喜納,6000
由井,6000
柴野,6000
当山,6000
一木,6000
田尾,6000
鳥飼,6000
籾山,6000
久富,6000
八木橋,6000
丸橋,6000
立松,6000
長峰,6000
渋沢,6000
古城,6000
谷井,6000
生野,6000
米津,6000
友野,6000
古内,6000
東出,6000
仙田,5900
梶浦,5900
不破,5900
大塩,5900
千賀,5900
金村,5900
本宮,5900
天田,5900
山梨,5900
花島,5900
茂呂,5900
田浦,5900
名越,5900
佐橋,5900
近野,5900
蒲生,5900
牧原,5900
戸部,5900
前村,5900
城野,5900
神藤,5900
光永,5900
竹岡,5900
管野,5900
俵,5900
谷脇,5900
黒坂,5900
弘中,5900
山野井,5900
鴫原,5900
舟木,5900
白神,5900
当間,5900
興梠,5900
網野,5900
岩根,5900
築地,5900
横谷,5900
戸崎,5900
濱崎,5900
古藤,5900
猿田,5800
百田,5800
播磨,5800
田谷,5800
増淵,5800
滑川,5800
植原,5800
郷,5800
瀬下,5800
笹森,5800
尾方,5800
沼沢,5800
大神,5800
松波,5800
大中,5800
桃井,5800
富井,5800
本吉,5800
山科,5800
西部,5800
庄野,5800
川戸,5800
城山,5800
伊井,5800
松森,5700
岩波,5700
南波,5700
与儀,5700
吉谷,5700
若菜,5700
徳本,5700
新見,5700
田子,5700
築山,5700
雑賀,5700
永嶋,5700
竹崎,5700
宝田,5700
長原,5700
脇山,5700
今福,5700
逢坂,5700
野辺,5700
橋村,5700
鏑木,5700
新沼,5700
粟田,5700
小峯,5700
成松,5700
田平,5700
高根,5700
森藤,5700
大隈,5700
柳橋,5700
田邊,5700
元田,5700
氏原,5700
池尻,5700
館,5700
中武,5700
光岡,5700
春日井,5600
植草,5600
谷島,5600
寒河江,5600
瀬古,5600
生田目,5600
沼尻,5600
中鉢,5600
富塚,5600
中矢,5600
蟹江,5600
笹谷,5600
高藤,5600
若生,5600
野末,5600
西方,5600
笹倉,5600
立木,5600
世古,5600
秋谷,5600
伊吹,5600
城所,5600
舟山,5600
海老名,5600
打越,5600
倉地,5600
月岡,5600
猪口,5600
座間,5500
土門,5500
小板橋,5500
徳留,5500
榎田,5500
青沼,5500
堀池,5500
稲生,5500
梅谷,5500
小向,5500
葛原,5500
春原,5500
川津,5500
八木沢,5500
萩尾,5500
嘉数,5500
勝,5500
舘野,5500
花城,5500
御手洗,5500
越後,5500
里,5500
池村,5500
水嶋,5500
八尾,5500
旭,5500
高江洲,5500
柿木,5500
小石,5500
田澤,5400
長南,5400
楢原,5400
沼倉,5400
潮田,5400
出水,5400
横倉,5400
白根,5400
古村,5400
三宮,5400
儀間,5400
赤田,5400
戸松,5400
入山,5400
武富,5400
知花,5400
橋野,5400
鬼沢,5400
稲富,5400
沢木,5400
富川,5400
有山,5400
高口,5400
宮園,5400
室伏,5400
中越,5400
金内,5400
倉沢,5400
纐纈,5400
平子,5400
知久,5400
竹澤,5400
南里,5400
丸,5400
猪飼,5300
駒形,5300
西海,5300
井谷,5300
高間,5300
菅沢,5300
白山,5300
西郷,5300
泊,5300
黒沼,5300
小野里,5300
代田,5300
花本,5300
笹尾,5300
濱野,5300
加川,5300
増岡,5300
花輪,5300
浜地,5300
浅賀,5300
池崎,5300
糸川,5300
蒲原,5300
池口,5300
横瀬,5300
土佐,5300
上妻,5300
西元,5300
槙,5300
新井田,5300
丸野,5300
小園,5300
石飛,5300
登坂,5300
森木,5300
細貝,5300
浜辺,5300
尾川,5300
横塚,5300
鍛治,5300
秋野,5300
井下,5300
世良,5300
芹澤,5300
鶴谷,5200
栗城,5200
剣持,5200
崎田,5200
早崎,5200
辻岡,5200
貝塚,5200
森上,5200
円谷,5200
秦野,5200
花沢,5200
庄田,5200
西林,5200
滝野,5200
湯山,5200
細木,5200
大嶺,5200
瀬崎,5200
福家,5200
大金,5200
竹花,5200
佐渡,5200
伊地知,5200
笹沼,5200
西平,5200
稲井,5200
梅林,5200
杉下,5200
鴨下,5200
郡山,5200
張替,5200
下条,5200
久下,5200
山沢,5200
堀場,5200
瀧澤,5200
棚田,5200
亀川,5200
末田,5100
神宮,5100
芥川,5100
毛塚,5100
篠,5100
岡嶋,5100
五十川,5100
出原,5100
水間,5100
吾妻,5100
竹口,5100
鍋田,5100
梅山,5100
縄田,5100
香田,5100
谷垣,5100
久原,5100
門井,5100
杉井,5100
檜垣,5100
斉田,5100
穴沢,5100
立原,5100
蛯原,5100
込山,5100
萩谷,5100
上月,5100
久永,5100
美馬,5100
山部,5100
新木,5100
砂原,5100
橘田,5100
財津,5100
有坂,5100
浅海,5100
矢倉,5100
黒野,5100
横堀,5100
干場,5000
川手,5000
宮森,5000
梅川,5000
島岡,5000
飯岡,5000
磯山,5000
市来,5000
秋庭,5000
内間,5000
芦川,5000
岩山,5000
柄沢,5000
呉屋,5000
元山,5000
大蔵,5000
鏡,5000
夏井,5000
小中,5000
針谷,5000
薗田,5000
中馬,5000
渋田,5000
三塚,5000
桃原,5000
湯原,5000
磯辺,5000
板野,5000
若原,5000
川鍋,5000
嶋本,5000
戸島,5000
村崎,5000
鎌形,5000
仙石,5000
芝原,5000
増川,5000
石見,5000
勝木,5000
木部,5000
高下,5000
神代,5000
常田,5000
小長谷,4900
苅谷,4900
仮屋,4900
楠木,4900
蓬田,4900
国広,4900
高部,4900
浜名,4900
水原,4900
荒尾,4900
紙谷,4900
戸張,4900
重村,4900
関沢,4900
重野,4900
高取,4900
淡路,4900
岩堀,4900
杉尾,4900
翁長,4900
一宮,4900
藤浪,4900
糸数,4900
安間,4900
上中,4900
島根,4900
宮元,4900
北爪,4900
外村,4900
安斉,4900
糸賀,4900
若宮,4900
星山,4900
間野,4900
石堂,4900
小阪,4900
室岡,4800
徳原,4800
福澤,4800
冨樫,4800
水木,4800
山里,4800
蜂須賀,4800
宮路,4800
棚原,4800
山藤,4800
玉野,4800
大八木,4800
小見山,4800
出村,4800
堂本,4800
間中,4800
高見沢,4800
久住,4800
川浪,4800
小清水,4800
稲森,4800
今里,4800
伊田,4800
角井,4800
道上,4800
江端,4800
幸,4800
菊谷,4800
黒石,4800
津崎,4800
喜多村,4800
津山,4800
田邉,4800
都筑,4800
上嶋,4800
塩澤,4800
横島,4800
兼平,4800
山賀,4700
江幡,4700
近,4700
大園,4700
五藤,4700
阿比留,4700
入口,4700
立田,4700
横須賀,4700
柴垣,4700
鴨川,4700
今城,4700
菅生,4700
花谷,4700
樫本,4700
細矢,4700
上里,4700
霜田,4700
安河内,4700
新庄,4700
源,4700
高屋,4700
村島,4700
二川,4700
神長,4700
小浦,4700
国武,4700
上平,4700
戸倉,4700
蓑田,4700
椛島,4700
中筋,4700
貫井,4700
守山,4700
尾高,4700
石戸,4700
植山,4700
荒瀬,4700
飯嶋,4700
馬越,4700
楠原,4700
藤生,4700
川澄,4700
沢辺,4700
赤城,4700
渋川,4700
張,4700
奈須,4700
桂川,4700
有沢,4700
瀧本,4700
吉浦,4600
下岡,4600
新津,4600
永石,4600
赤沼,4600
橋元,4600
中台,4600
森屋,4600
先崎,4600
久保寺,4600
市瀬,4600
川部,4600
宮谷,4600
横関,4600
壁谷,4600
棟方,4600
舛田,4600
南條,4600
窪,4600
藤丸,4600
上江洲,4600
打田,4600
赤瀬,4600
金木,4600
藤中,4600
濱本,4600
沼尾,4600
箭内,4600
本川,4600
卜部,4600
水津,4600
八鍬,4600
山縣,4600
中家,4600
西堀,4600
白幡,4600
山道,4600
寺口,4600
芝野,4600
安楽,4600
和久井,4600
安富,4600
高平,4600
澁谷,4600
長村,4600
菅家,4600
三石,4600
下島,4500
増尾,4500
関原,4500
池山,4500
満田,4500
重本,4500
大嶽,4500
高階,4500
油谷,4500
海藤,4500
滝井,4500
出田,4500
加治,4500
福重,4500
沢崎,4500
安島,4500
広中,4500
樽井,4500
上,4500
池戸,4500
河原崎,4500
十川,4500
桐谷,4500
桶谷,4500
栗木,4500
古舘,4500
羽根,4500
松戸,4500
本谷,4500
古里,4500
唐木,4500
国松,4500
梨本,4500
実川,4500
大住,4500
安宅,4500
上遠野,4400
片寄,4400
横野,4400
屋代,4400
種市,4400
新崎,4400
原沢,4400
小尾,4400
草刈,4400
松隈,4400
大瀬,4400
間,4400
六車,4400
由良,4400
前畑,4400
塚崎,4400
大地,4400
増野,4400
村石,4400
宮林,4400
照沼,4400
臼杵,4400
水井,4400
久本,4400
入谷,4400
三吉,4400
増沢,4400
勝亦,4400
柏谷,4400
弓場,4400
甘利,4400
倉岡,4400
勝村,4400
下谷,4400
江畑,4400
大類,4400
都丸,4400
下原,4400
西宮,4400
大羽,4400
浦部,4400
吉池,4400
綿谷,4400
岩岡,4400
名古屋,4400
粟津,4400
足達,4400
丸茂,4400
龍,4400
樫原,4400
三富,4400
八谷,4400
一条,4400
本島,4400
小城,4400
山井,4400
有働,4400
井ノ口,4300
柿田,4300
酒匂,4300
小野崎,4300
直江,4300
田久保,4300
笠,4300
諸田,4300
新納,4300
勝間田,4300
関屋,4300
吉森,4300
水川,4300
森原,4300
中口,4300
浦島,4300
山原,4300
金成,4300
金坂,4300
天羽,4300
末岡,4300
広畑,4300
印南,4300
川路,4300
門,4300
東口,4300
笹,4300
周藤,4300
宮良,4300
上垣,4300
美濃,4300
大松,4300
公文,4300
鮎川,4300
西上,4300
森戸,4300
牧山,4300
鯨井,4300
峯村,4300
魚谷,4300
蔵田,4300
畔上,4300
永友,4300
豊原,4300
江見,4300
生島,4300
三代,4300
田窪,4300
平嶋,4200
熊川,4200
大辻,4200
水元,4200
石河,4200
門野,4200
戸井,4200
中務,4200
多胡,4200
上出,4200
柿沢,4200
小塩,4200
幡野,4200
力石,4200
桧山,4200
小枝,4200
国府田,4200
市毛,4200
松居,4200
薮,4200
飯高,4200
榛葉,4200
池島,4200
隈元,4200
京谷,4200
船本,4200
橘高,4200
菰田,4200
岡戸,4200
大河,4200
三尾,4200
鐘ヶ江,4200
黛,4200
阪野,4200
大川原,4200
森園,4200
大淵,4200
昆,4200
紅林,4200
蛭川,4200
吉尾,4200
東本,4200
大柳,4200
本岡,4200
堅田,4200
今林,4200
浦本,4200
津曲,4200
桝井,4200
刀根,4200
徳岡,4200
倉知,4200
吉水,4200
長縄,4200
海老根,4200
中司,4200
赤澤,4200
井崎,4200
田巻,4200
玉那覇,4200
花崎,4200
椎木,4200
有泉,4200
薦田,4200
石関,4200
伊礼,4200
有井,4200
光山,4200
折戸,4200
沢本,4200
濱,4100
駒崎,4100
片柳,4100
榎戸,4100
市場,4100
行方,4100
藤嶋,4100
島川,4100
鵜川,4100
武政,4100
古館,4100
吉橋,4100
篠宮,4100
倉谷,4100
塩入,4100
深水,4100
西久保,4100
藤塚,4100
海老澤,4100
西城,4100
桑村,4100
阿保,4100
御園,4100
進,4100
箱田,4100
鹿内,4100
小国,4100
松久,4100
若木,4100
池ヶ谷,4100
森安,4100
尾本,4100
久家,4100
戸嶋,4100
戸辺,4100
江連,4100
広谷,4100
迎,4100
郷原,4100
庭野,4100
簗瀬,4100
新岡,4100
神津,4100
寺谷,4100
三山,4100
安,4100
稲木,4100
小瀬,4100
北畠,4100
古宮,4100
反町,4100
岡庭,4100
国田,4100
神部,4000
吹田,4000
小田部,4000
安食,4000
土川,4000
重岡,4000
津留,4000
間島,4000
小橋川,4000
大日方,4000
大見,4000
栃木,4000
駒場,4000
漆畑,4000
薮下,4000
東島,4000
羽柴,4000
谷澤,4000
五木田,4000
穴田,4000
多和田,4000
坂崎,4000
神永,4000
荒金,4000
川地,4000
酒向,4000
池下,4000
澤口,4000
西牧,4000
石部,4000
執行,4000
高須賀,4000
滝上,4000
宗形,4000
古池,4000
羽根田,4000
上木,4000
立岩,4000
久慈,4000
押切,4000
高月,4000
檀上,4000
針生,4000
篠木,4000
池川,4000
中安,4000
田路,4000
福川,4000
弘田,4000
昆野,4000
寺地,4000
五嶋,4000
千代,4000
竹元,4000
谷合,4000
城下,4000
仲原,4000
三本,3900
塚野,3900
本沢,3900
藤瀬,3900
初田,3900
志摩,3900
渡久地,3900
国友,3900
葛城,3900
嘉藤,3900
黒島,3900
田場,3900
野添,3900
幸地,3900
出雲,3900
村沢,3900
上甲,3900
日笠,3900
飯干,3900
金尾,3900
泉川,3900
大武,3900
滝下,3900
溝部,3900
深江,3900
桝谷,3900
鍋谷,3900
井尻,3900
安福,3900
神吉,3900
桂田,3900
喜友名,3900
菱川,3900
大薮,3900
瀬戸山,3900
碇,3900
建部,3900
丹波,3900
半澤,3900
三須,3900
押野,3900
加山,3900
仲地,3900
三河,3900
諏訪部,3900
島内,3900
前嶋,3900
寺前,3900
蓮池,3900
万代,3900
千島,3900
醍醐,3900
酒見,3900
川渕,3900
勝本,3900
永塚,3900
澤野,3900
安彦,3900
南沢,3900
相羽,3900
猪熊,3900
今橋,3900
加賀美,3900
土師,3900
薄田,3900
東村,3900
堀米,3900
四元,3900
出川,3900
浜松,3900
堂前,3900
高地,3900
東江,3900
稲場,3900
南条,3800
溝端,3800
花野,3800
嘉村,3800
江戸,3800
仲島,3800
江波戸,3800
村林,3800
浅山,3800
永倉,3800
白谷,3800
指田,3800
古郡,3800
柏田,3800
永森,3800
和知,3800
森尾,3800
菊本,3800
峯田,3800
平戸,3800
古関,3800
古河,3800
木寺,3800
功刀,3800
桝本,3800
羽場,3800
戸上,3800
貝原,3800
藁谷,3800
子安,3800
阿曽,3800
市丸,3800
長門,3800
諸井,3800
貝沼,3800
南口,3800
小見,3800
天谷,3800
中前,3800
天川,3800
元村,3800
上園,3800
唐澤,3800
東浦,3800
橘川,3800
紺谷,3800
圷,3800
今成,3800
坂西,3800
百武,3800
金杉,3800
牧村,3800
平谷,3800
島倉,3800
刈谷,3800
洞口,3800
三川,3800
寺脇,3700
木嶋,3700
桜沢,3700
帆足,3700
稲山,3700
岡原,3700
樺沢,3700
崎浜,3700
国島,3700
秀島,3700
輿石,3700
谷上,3700
小野木,3700
角川,3700
郷田,3700
横浜,3700
千代田,3700
青砥,3700
小木,3700
興津,3700
井浦,3700
綱川,3700
酒本,3700
上野山,3700
北垣,3700
鴨田,3700
持丸,3700
宗田,3700
瀧,3700
額賀,3700
楠瀬,3700
神沢,3700
信太,3700
豊崎,3700
外園,3700
蓮井,3700
渡井,3700
野宮,3700
糸山,3700
小方,3700
重信,3700
明神,3700
宮代,3700
宮入,3700
梶村,3700
奥西,3700
福住,3700
川原田,3700
南山,3700
中藤,3700
武笠,3700
小日向,3700
土江,3700
西藤,3700
下坂,3700
矢田部,3700
根木,3700
中津川,3700
塩塚,3700
京極,3700
波多江,3700
坂爪,3700
林原,3700
沼崎,3700
川人,3600
東城,3600
小湊,3600
崎原,3600
里村,3600
秋場,3600
中路,3600
二神,3600
貝瀬,3600
納谷,3600
刑部,3600
宮浦,3600
海津,3600
光本,3600
沼野,3600
広江,3600
樋川,3600
友永,3600
三重野,3600
友松,3600
出野,3600
愛甲,3600
東海,3600
冨澤,3600
朴,3600
成澤,3600
大草,3600
竹上,3600
安積,3600
真柄,3600
相楽,3600
真弓,3600
渡慶次,3600
山戸,3600
風見,3600
中川原,3600
小森谷,3600
今本,3600
北脇,3600
笠島,3600
米満,3600
奥沢,3600
屋良,3600
樋上,3600
住本,3600
陰山,3600
西園,3600
江間,3600
呉,3600
伊野,3600
田本,3600
花柳,3600
大鹿,3600
鵜澤,3600
日向野,3600
中城,3600
池松,3600
徳井,3600
鵜野,3600
森部,3600
朝野,3600
土生,3600
峰松,3600
滝島,3600
永富,3600
竹腰,3600
田熊,3600
江澤,3600
境野,3600
金高,3600
笛木,3600
礒部,3600
羽石,3600
大曽根,3600
西江,3600
久島,3600
保谷,3600
玉山,3600
大館,3600
真砂,3600
橋川,3600
真部,3600
和久田,3600
沖村,3600
藤下,3600
山瀬,3500
勝呂,3500
大成,3500
長畑,3500
大重,3500
徳島,3500
日原,3500
薗部,3500
師岡,3500
江良,3500
井伊,3500
堂園,3500
村橋,3500
重森,3500
白須,3500
藤内,3500
森中,3500
飯沢,3500
元吉,3500
蒲田,3500
九鬼,3500
高比良,3500
三ツ木,3500
鹿田,3500
甲斐田,3500
湯澤,3500
生沼,3500
栗崎,3500
山平,3500
井岡,3500
小田嶋,3500
芝本,3500
藤居,3500
沢山,3500
富安,3500
上久保,3500
松浪,3500
橋,3500
木沢,3500
陳,3500
光井,3500
永峰,3500
新本,3500
三根,3500
降旗,3500
小鹿,3500
貴田,3500
宮山,3500
下條,3500
泉水,3500
海老沼,3500
当麻,3500
由利,3500
園山,3500
池畑,3500
三坂,3500
湯口,3500
上井,3500
浜井,3500
稲福,3500
南田,3500
古島,3500
仲沢,3500
黒部,3500
野畑,3500
三船,3500
戸澤,3500
中倉,3500
小堺,3500
小柳津,3500
冨沢,3500
館山,3500
須原,3500
中北,3500
池亀,3500
仲松,3500
古江,3500
川副,3500
大藪,3500
山野辺,3500
鶴崎,3500
永澤,3400
井手口,3400
幸野,3400
足利,3400
久高,3400
石綿,3400
遠矢,3400
芳村,3400
得能,3400
伊庭,3400
岡松,3400
末武,3400
友部,3400
志岐,3400
蜷川,3400
波田野,3400
荻島,3400
勅使河原,3400
梁瀬,3400
薄,3400
明田,3400
守,3400
広部,3400
野内,3400
前澤,3400
中溝,3400
尾原,3400
樽見,3400
前橋,3400
麻田,3400
名嘉,3400
宇高,3400
古矢,3400
森泉,3400
廣川,3400
成毛,3400
古堅,3400
宇治,3400
黒滝,3400
後田,3400
戸口,3400
北中,3400
吉竹,3400
武者,3400
徳光,3400
倉光,3400
澄川,3400
田之上,3400
藤橋,3400
半谷,3400
永坂,3400
笠木,3400
狩俣,3400
大宅,3400
生川,3400
富松,3400
田添,3400
二ノ宮,3400
井山,3400
尾沢,3400
川平,3400
渡嘉敷,3400
染矢,3400
伊部,3400
三留,3400
芦野,3400
豊泉,3400
相内,3400
山端,3400
久木田,3400
坂梨,3400
高萩,3400
染野,3400
萩田,3400
峠,3400
小須田,3400
近沢,3400
浜砂,3400
鬼木,3400
石浜,3400
鷹取,3400
片瀬,3400
小渕,3400
吉中,3400
徳武,3400
赤岩,3400
入野,3300
小此木,3300
貴志,3300
配島,3300
鳥谷部,3300
根間,3300
内木,3300
瀬山,3300
上森,3300
軍司,3300
藁科,3300
金久保,3300
杉木,3300
茂野,3300
壱岐,3300
川谷,3300
和久,3300
増村,3300
金指,3300
中下,3300
天沼,3300
三瀬,3300
池間,3300
下沢,3300
安立,3300
原川,3300
当真,3300
増谷,3300
下元,3300
浦井,3300
目崎,3300
櫛引,3300
水澤,3300
黒井,3300
森光,3300
笠谷,3300
玉利,3300
坪倉,3300
穂坂,3300
市山,3300
町野,3300
森嶋,3300
蓑島,3300
嶋野,3300
村元,3300
今吉,3300
村下,3300
袖山,3300
池澤,3300
横森,3300
村口,3300
一條,3300
鈴江,3300
延原,3300
桑畑,3300
釜田,3300
重富,3300
飯森,3300
泉山,3300
王,3300
仲尾,3300
馬上,3300
礒野,3300
上口,3300
釘宮,3300
安住,3300
乙部,3300
尾畑,3300
室屋,3300
駒沢,3300
浜元,3300
宮国,3300
下西,3300
鷲野,3300
清瀬,3300
桑本,3300
倉重,3200
瀧川,3200
沢谷,3200
榎並,3200
若槻,3200
山畑,3200
我那覇,3200
黒河,3200
坪根,3200
米良,3200
古俣,3200
浦辺,3200
桜本,3200
百々,3200
成清,3200
円山,3200
矢木,3200
屋宜,3200
羽原,3200
川東,3200
有岡,3200
中桐,3200
引田,3200
芦原,3200
賀川,3200
坂尾,3200
角南,3200
丹沢,3200
俣野,3200
林崎,3200
納富,3200
佐倉,3200
扇谷,3200
茂田,3200
屋敷,3200
仁田,3200
西浜,3200
網谷,3200
洲崎,3200
光安,3200
丸川,3200
三苫,3200
国安,3200
光武,3200
麓,3200
峰尾,3200
大根田,3200
酒田,3200
岡谷,3200
亀崎,3200
親川,3200
友寄,3200
引間,3200
葛谷,3200
谷地,3200
図師,3200
瀧口,3200
芹川,3200
榎木,3200
行田,3200
高市,3200
栗野,3200
瀬沼,3200
関塚,3200
中野渡,3200
見上,3200
津波古,3200
来栖,3200
安松,3200
岩坂,3200
横道,3200
安芸,3200
天満,3200
芝山,3200
茅根,3200
海保,3200
下出,3200
砂山,3200
藤松,3200
阿久根,3200
那須野,3200
狭間,3200
粟飯原,3200
海田,3200
藤戸,3200
井島,3200
久山,3200
新地,3200
是枝,3100
岩島,3100
多賀谷,3100
河部,3100
射場,3100
是永,3100
沼口,3100
槙野,3100
作本,3100
角屋,3100
松石,3100
加治屋,3100
仁藤,3100
星田,3100
弥永,3100
国沢,3100
新関,3100
布目,3100
朝井,3100
有木,3100
谷原,3100
藤浦,3100
宮寺,3100
塩月,3100
吉木,3100
蛭間,3100
福光,3100
池部,3100
和賀,3100
丸子,3100
萩本,3100
梶井,3100
天本,3100
伏木,3100
芹田,3100
蒲池,3100
小田川,3100
木俣,3100
八坂,3100
三神,3100
松延,3100
垣本,3100
網代,3100
藤掛,3100
渡口,3100
江草,3100
赤司,3100
門口,3100
清沢,3100
長堀,3100
小野原,3100
荻,3100
釜谷,3100
萱野,3100
穴見,3100
押尾,3100
田倉,3100
笹部,3100
笹生,3100
伊与田,3100
秋永,3100
梁川,3100
高川,3100
木庭,3100
外岡,3100
浦谷,3100
辰野,3100
入倉,3100
稲沢,3100
稲嶺,3100
久保井,3100
米井,3100
成井,3100
見目,3100
作山,3100
千明,3100
安中,3000
松前,3000
伊能,3000
叶,3000
塩津,3000
進士,3000
板津,3000
平手,3000
柳内,3000
塩島,3000
野平,3000
蓑輪,3000
萩,3000
原子,3000
矢後,3000
朝岡,3000
城本,3000
入澤,3000
山手,3000
花澤,3000
井,3000
河北,3000
椎原,3000
奈良岡,3000
立岡,3000
倉,3000
逆井,3000
下,3000
堀込,3000
伊勢田,3000
七海,3000
坪川,3000
高根沢,3000
草川,3000
児山,3000
宿谷,3000
長久保,3000
嵐,3000
柴谷,3000
吉冨,3000
苅田,3000
粂,3000
青谷,3000
露崎,3000
貴島,3000
米須,3000
高草木,3000
島尻,3000
多々良,3000
有松,3000
永木,3000
有元,3000
馬淵,3000
升田,3000
吉越,3000
勝間,3000
末光,3000
稲熊,3000
木佐貫,3000
鈴川,3000
芦澤,3000
末廣,3000
枝,3000
美濃部,3000
徳野,3000
古謝,3000
鹿毛,3000
植本,3000
日隈,3000
児嶋,3000
三堀,3000
坪谷,3000
川浦,3000
布田,3000
渋井,3000
竹永,3000
滝谷,3000
江坂,3000
伊崎,3000
仲村渠,3000
諫山,3000
細山,3000
常松,3000
隈部,3000
奥間,3000
溝江,3000
西河,3000
境田,3000
武末,3000
蒲谷,3000
角本,3000
登,2900
竹部,2900
北上,2900
徳久,2900
岩脇,2900
重藤,2900
可知,2900
町井,2900
寺戸,2900
浜上,2900
積田,2900
高砂,2900
広本,2900
野々垣,2900
肥沼,2900
地引,2900
友成,2900
北畑,2900
前谷,2900
恒松,2900
須佐,2900
塩山,2900
羽野,2900
川出,2900
菊井,2900
乗松,2900
左近,2900
矢川,2900
英,2900
武蔵,2900
元井,2900
板坂,2900
花山,2900
染川,2900
釼持,2900
徳江,2900
牧内,2900
長根,2900
奥寺,2900
二上,2900
沖津,2900
松瀬,2900
大栗,2900
三矢,2900
三和,2900
茶木,2900
北郷,2900
鷲田,2900
蒲,2900
丹生,2900
細沼,2900
沓沢,2900
赤穂,2900
降矢,2900
和智,2900
寺林,2900
原嶋,2900
草柳,2900
有光,2900
交告,2900
宇根,2900
永川,2900
黒羽,2900
城島,2900
重永,2900
芳川,2900
安沢,2900
宮垣,2900
下井,2900
楠元,2900
伊集院,2900
屋比久,2900
川向,2900
岡澤,2900
牛込,2900
伊豆,2900
清永,2900
国見,2900
鍵谷,2900
黒住,2900
玉谷,2900
安居,2900
鄭,2900
在原,2900
牛丸,2900
本松,2900
晴山,2900
山嵜,2900
坂川,2900
鶴野,2800
椎橋,2800
田井中,2800
峰村,2800
大曲,2800
波多,2800
十文字,2800
御園生,2800
中浦,2800
粉川,2800
南方,2800
園,2800
垣花,2800
嘉山,2800
時任,2800
名村,2800
堀岡,2800
岡川,2800
新留,2800
松長,2800
輿水,2800
二本柳,2800
江部,2800
奥住,2800
本,2800
高辻,2800
白尾,2800
坂場,2800
皆木,2800
西巻,2800
鎗田,2800
沼,2800
杉林,2800
今堀,2800
千坂,2800
滝山,2800
大田原,2800
木南,2800
椿原,2800
糸永,2800
関矢,2800
鯉沼,2800
朝山,2800
勝浦,2800
高岩,2800
八角,2800
野下,2800
御厨,2800
越前,2800
小金井,2800
真子,2800
光野,2800
車田,2800
奥富,2800
樫山,2800
大柴,2800
永浜,2800
北里,2800
国重,2800
牧島,2800
苅部,2800
倉科,2800
竹市,2800
西端,2800
田北,2800
稲永,2800
上石,2800
前岡,2800
神成,2800
神里,2800
河原田,2800
桐野,2800
池浦,2800
鹿又,2800
池添,2800
塩屋,2800
星加,2800
浪川,2800
矢ヶ崎,2800
二井,2800
力丸,2800
徳竹,2800
溝井,2800
牛嶋,2800
西木,2800
阿川,2800
大元,2800
末木,2800
奥出,2800
大部,2800
鍵山,2800
笹崎,2800
村谷,2800
久村,2800
大内田,2800
松見,2800
樋野,2800
徳村,2700
塩井,2700
久光,2700
下園,2700
長部,2700
開,2700
中嶌,2700
大寺,2700
昼間,2700
家村,2700
中坪,2700
清本,2700
柳町,2700
白藤,2700
庭山,2700
正井,2700
並河,2700
久場,2700
出羽,2700
加田,2700
朝長,2700
井桁,2700
室橋,2700
吉満,2700
臼倉,2700
内倉,2700
伊佐治,2700
森松,2700
梅垣,2700
鎌谷,2700
霜鳥,2700
柿内,2700
江成,2700
高波,2700
馬田,2700
江角,2700
森澤,2700
秋沢,2700
竹ノ内,2700
佐久川,2700
正村,2700
石尾,2700
浪岡,2700
柏村,2700
槙田,2700
竹松,2700
新出,2700
赤平,2700
戎,2700
嶺井,2700
椋本,2700
田近,2700
久貝,2700
内,2700
平柳,2700
島原,2700
秋間,2700
八木下,2700
小屋,2700
堀籠,2700
吾郷,2700
小藤,2700
薮本,2700
宇賀,2700
本名,2700
茅原,2700
斎,2700
高羽,2700
行木,2700
阿久沢,2700
西牟田,2700
鴻巣,2700
畠田,2700
峯尾,2700
駒村,2700
有野,2700
三ツ井,2700
南原,2700
跡部,2700
保泉,2700
古森,2700
中町,2700
小又,2700
金平,2700
水崎,2700
番匠,2700
小佐野,2700
倉石,2700
徳増,2700
苗村,2700
越,2700
五反田,2700
礒田,2700
吉丸,2700
浅子,2700
菊島,2700
岩男,2700
岩出,2700
恒吉,2700
成岡,2700
片上,2700
長妻,2700
坂中,2700
黒宮,2700
棚瀬,2700
浦口,2700
真栄城,2700
水内,2700
森実,2700
大瀧,2700
大川内,2600
土手,2600
寺原,2600
水戸部,2600
大丸,2600
長濱,2600
山,2600
徳元,2600
近森,2600
水町,2600
尾西,2600
鹿山,2600
楠見,2600
犬伏,2600
當山,2600
小堤,2600
近松,2600
扇,2600
新貝,2600
尾下,2600
城内,2600
伝田,2600
小金沢,2600
鳥谷,2600
山倉,2600
川角,2600
四戸,2600
福浦,2600
新沢,2600
尾林,2600
一井,2600
井之上,2600
横澤,2600
吉開,2600
小串,2600
栫,2600
山神,2600
瓜田,2600
増島,2600
鈴鹿,2600
櫻田,2600
松吉,2600
中地,2600
黒江,2600
鴨井,2600
平方,2600
槙原,2600
坂井田,2600
柴本,2600
金島,2600
小嶺,2600
今坂,2600
辻内,2600
脇谷,2600
小淵,2600
船水,2600
鳥本,2600
大多和,2600
樋山,2600
尾池,2600
大柿,2600
津金,2600
竜田,2600
原崎,2600
石嶋,2600
今尾,2600
吉浜,2600
亀沢,2600
岩戸,2600
伊神,2600
武野,2600
波田,2600
青戸,2600
垂水,2600
内橋,2600
米森,2600
高浦,2600
飯倉,2600
赤羽根,2600
河嶋,2600
片渕,2600
野嶋,2600
小野澤,2600
鎌野,2600
大仲,2600
姉崎,2600
守本,2600
長森,2600
早津,2600
米野,2600
作間,2600
門前,2600
熱海,2600
椛沢,2600
向江,2600
石戸谷,2600
道端,2600
苫米地,2600
大日向,2600
利光,2600
阿武,2600
阿野,2500
宗村,2500
銘苅,2500
井垣,2500
本井,2500
菖蒲,2500
佐保,2500
梯,2500
前中,2500
嶋岡,2500
木塚,2500
伊川,2500
道家,2500
向原,2500
桑江,2500
幅,2500
北園,2500
下浦,2500
則武,2500
増原,2500
福丸,2500
上羽,2500
竹之下,2500
諌山,2500
千村,2500
小岩井,2500
三平,2500
津波,2500
柳楽,2500
河南,2500
円城寺,2500
竹越,2500
小坂井,2500
越山,2500
倉富,2500
丸林,2500
八塚,2500
銭谷,2500
大舘,2500
木立,2500
加々美,2500
枝川,2500
酒寄,2500
重光,2500
黄,2500
阪下,2500
武下,2500
後藤田,2500
中松,2500
蓼沼,2500
楯,2500
額田,2500
津本,2500
名田,2500
亀島,2500
舟越,2500
高麗,2500
杉元,2500
久間,2500
小楠,2500
石鍋,2500
赤荻,2500
沓名,2500
奥島,2500
久岡,2500
山出,2500
後閑,2500
藤坂,2500
山澤,2500
椙山,2500
中泉,2500
伊倉,2500
武岡,2500
浅羽,2500
和島,2500
大胡,2500
江里口,2500
重久,2500
長町,2500
山寺,2500
宅間,2500
松並,2500
上沢,2500
南場,2500
牧瀬,2500
江副,2500
吉光,2500
幸村,2500
小野山,2500
武島,2500
中曽根,2500
安形,2500
小鷹,2500
大輪,2500
下山田,2500
永渕,2500
川見,2500
須長,2500
野路,2500
与座,2500
石元,2500
福江,2500
古泉,2500
匂坂,2500
白取,2500
矢原,2500
笈川,2500
千種,2500
金津,2500
源田,2500
虻川,2500
常見,2500
杉内,2500
小宅,2500
金塚,2500
知名,2500
熊切,2500
尾身,2500
四方田,2500
尾中,2400
酒谷,2400
堀木,2400
山方,2400
佐宗,2400
新実,2400
江守,2400
網本,2400
米岡,2400
新堂,2400
小町,2400
税所,2400
肥塚,2400
三室,2400
平栗,2400
粥川,2400
北森,2400
幕田,2400
岡内,2400
出島,2400
石内,2400
敦賀,2400
成富,2400
具志,2400
内原,2400
鬼丸,2400
角山,2400
大枝,2400
真山,2400
高浪,2400
合原,2400
壬生,2400
諏佐,2400
犬童,2400
狩谷,2400
下津,2400
余語,2400
浅間,2400
手代木,2400
牛木,2400
政岡,2400
橘内,2400
中河,2400
玉手,2400
飯坂,2400
森高,2400
井手上,2400
国谷,2400
寺園,2400
広橋,2400
殿村,2400
村西,2400
麻野,2400
榎原,2400
越村,2400
田名部,2400
八木原,2400
佐久本,2400
北河,2400
尾谷,2400
岸下,2400
深作,2400
大海,2400
磯川,2400
守安,2400
生出,2400
船井,2400
高嶺,2400
西里,2400
泉沢,2400
和地,2400
謝花,2400
城谷,2400
余田,2400
廣岡,2400
飯盛,2400
石郷岡,2400
門屋,2400
管,2400
川窪,2400
畑本,2400
萩野谷,2400
永安,2400
前崎,2400
若本,2400
茂手木,2400
七尾,2400
豊村,2400
崎村,2400
松中,2400
炭谷,2400
平口,2400
佐合,2400
倉井,2400
渋江,2400
白澤,2400
竹石,2400
嘉陽,2400
平泉,2400
副田,2400
六本木,2400
小石川,2400
清岡,2400
岡橋,2400
竹嶋,2400
水流,2400
藤根,2400
津嘉山,2400
海江田,2400
沓掛,2400
荒武,2400
平下,2400
樽谷,2400
木戸口,2400
神本,2400
西潟,2400
鹿嶋,2400
長船,2400
井戸田,2400
川波,2400
当銘,2400
根上,2400
才田,2400
宜保,2400
玉岡,2400
中東,2400
岩立,2300
吉津,2300
前里,2300
細越,2300
押谷,2300
重山,2300
古口,2300
桐田,2300
冨士,2300
田和,2300
大吉,2300
兼城,2300
大国,2300
久木,2300
常世田,2300
本堂,2300
津守,2300
瑞慶覧,2300
小松田,2300
折井,2300
本部,2300
勇,2300
松家,2300
本藤,2300
渋木,2300
朽木,2300
松沼,2300
菅澤,2300
名波,2300
白子,2300
時岡,2300
倉野,2300
並川,2300
寺元,2300
絹川,2300
澤本,2300
勝島,2300
国光,2300
永易,2300
泉本,2300
佐多,2300
天笠,2300
安谷屋,2300
中石,2300
井阪,2300
中牟田,2300
有我,2300
鷲津,2300
二口,2300
熊代,2300
里中,2300
曽根原,2300
小長井,2300
武知,2300
菊永,2300
穐山,2300
来田,2300
三次,2300
本澤,2300
溝川,2300
福吉,2300
沖中,2300
三隅,2300
伊坂,2300
八嶋,2300
石間,2300
古寺,2300
田鍋,2300
温井,2300
出崎,2300
勝井,2300
田名網,2300
小野口,2300
小薗,2300
永橋,2300
弓田,2300
壷井,2300
若田,2300
右近,2300
下中,2300
本荘,2300
安室,2300
猪田,2300
徳弘,2300
桐村,2300
中庭,2300
丸島,2300
栗岡,2300
久末,2300
平崎,2300
大曾根,2300
米丸,2300
久川,2300
野山,2300
鶴丸,2300
能美,2300
安齋,2300
紀平,2300
牧口,2300
古西,2300
阿藤,2300
但馬,2300
向川,2300
田伏,2300
湯村,2300
加藤木,2300
辛島,2300
星名,2300
太刀川,2300
初見,2300
桶田,2300
橋谷,2300
笠川,2300
瀬上,2300
秋田谷,2300
二橋,2300
茂原,2300
濱中,2300
塩飽,2300
七戸,2300
坂木,2300
仁井,2300
名嘉真,2300
浅水,2300
永峯,2300
篠沢,2300
潮,2300
塩尻,2300
長峯,2200
吉倉,2200
武沢,2200
神垣,2200
近内,2200
政木,2200
小田倉,2200
天木,2200
蕪木,2200
畑井,2200
廣澤,2200
西松,2200
宇都木,2200
尾辻,2200
原井,2200
森住,2200
塩野谷,2200
井草,2200
真中,2200
矢谷,2200
須郷,2200
竹前,2200
鶴川,2200
奥脇,2200
木林,2200
富本,2200
早見,2200
藤咲,2200
田野倉,2200
矢ヶ部,2200
御子柴,2200
梶間,2200
時枝,2200
伊敷,2200
唐鎌,2200
間山,2200
宇藤,2200
力武,2200
坂谷,2200
五十畑,2200
一之瀬,2200
真栄田,2200
財前,2200
加部,2200
坪山,2200
榑林,2200
花見,2200
岩坪,2200
会津,2200
上戸,2200
久留,2200
垣見,2200
海老,2200
門川,2200
佐々野,2200
饗庭,2200
鋤柄,2200
藪田,2200
財部,2200
勝原,2200
富谷,2200
北風,2200
平見,2200
長谷山,2200
関岡,2200
鮎沢,2200
豊里,2200
良知,2200
上代,2200
丹後,2200
岩館,2200
十亀,2200
春本,2200
久郷,2200
長津,2200
地主,2200
森江,2200
粂川,2200
見城,2200
鷲巣,2200
根田,2200
坂間,2200
波平,2200
村杉,2200
附田,2200
保井,2200
小金丸,2200
小笠,2200
下司,2200
栄田,2200
福野,2200
阿知波,2200
星谷,2200
井ノ上,2200
布村,2200
芦谷,2200
日野原,2200
真辺,2200
永末,2200
末安,2200
辻口,2200
硲,2200
羽藤,2200
三池,2200
栗島,2200
下川原,2200
柿島,2200
山東,2200
山宮,2200
我如古,2200
栃原,2200
立崎,2200
藪崎,2200
渡壁,2200
位田,2200
庭田,2200
坂詰,2200
兼重,2200
剱持,2200
広松,2200
朝生,2200
片貝,2200
大路,2200
蓮田,2200
稲津,2200
奥崎,2200
三部,2200
山腰,2200
芳田,2200
船曳,2200
岸部,2200
大久,2200
下薗,2200
佐貫,2200
鹿間,2200
井波,2200
岩室,2200
鍵本,2200
星原,2200
高場,2200
巴,2200
鍋倉,2200
広重,2200
河添,2200
早水,2200
福冨,2200
二俣,2100
伊関,2100
黒谷,2100
町,2100
飯室,2100
志茂,2100
小越,2100
湯谷,2100
水城,2100
畦地,2100
県,2100
川野辺,2100
渕田,2100
古久保,2100
荒山,2100
三藤,2100
天池,2100
岡西,2100
立道,2100
椎谷,2100
真家,2100
岩越,2100
福尾,2100
勝沼,2100
但野,2100
甲賀,2100
治田,2100
岡上,2100
韮沢,2100
行武,2100
井戸川,2100
